AcceptedNameGBIF;OriginalNameDB;ID_GBIF;Kingdom;Order;Family;Phylum;Class;EstablishmentMeans;Pathways;FunctionalGroup;Group;NativeCountry;InvadedCountry;InvadedCountryISO3;AffectedNativeSpecies;EICATImpact;Mechanisms;EICAT_by_Mechanism;Habitat;FirstRecords;OldestDate;Source_Data
Abbottina rivularis;Abbottina rivularis;5206304;Metazoa;cypriniformes;Cyprinidae;chordata;osteichthyes;NA;NA;NA;NA;NA;NA;NA;NA;NA;NA;NA;freshwater;NA;NA;CABI 2025
Acanthogobius flavimanus;Acanthogobius flavimanus;2375974;Metazoa;perciformes;Gobiidae;chordata;osteichthyes;NA;NA;NA;NA;NA;NA;NA;NA;NA;NA;NA;freshwater;NA;NA;CABI 2025
Aedes albopictus;Aedes albopictus;1651430;Metazoa;diptera;Culicidae;arthropoda;insecta;NA;NA;NA;NA;NA;NA;NA;NA;NA;NA;NA;freshwater;NA;NA;CABI 2025
Lachnagrostis filiformis;Agrostis avenacea;4135963;Plantae;poales;Poaceae;spermatophyta;monocotyledonae;NA;NA;NA;NA;NA;NA;NA;NA;NA;NA;NA;freshwater;NA;NA;CABI 2025
Alburnus alburnus;Alburnus alburnus;2362925;Metazoa;cypriniformes;Cyprinidae;chordata;osteichthyes;NA;NA;NA;NA;NA;NA;NA;NA;NA;NA;NA;freshwater;NA;NA;CABI 2025
Alopochen aegyptiaca;Alopochen aegyptiaca;2498252;Metazoa;anseriformes;Anatidae;chordata;aves;NA;NA;NA;NA;NA;NA;NA;NA;NA;NA;NA;freshwater;NA;NA;CABI 2025
Alosa aestivalis;Alosa aestivalis;2412708;Metazoa;clupeiformes;Clupeidae;chordata;osteichthyes;NA;NA;NA;NA;NA;NA;NA;NA;NA;NA;NA;freshwater;NA;NA;CABI 2025
Alosa pseudoharengus;Alosa pseudoharengus;2412740;Metazoa;clupeiformes;Clupeidae;chordata;osteichthyes;NA;NA;NA;NA;NA;NA;NA;NA;NA;NA;NA;freshwater;NA;NA;CABI 2025
Alpinia zerumbet;Alpinia zerumbet;5301979;Plantae;zingiberales;Zingiberaceae;spermatophyta;monocotyledonae;NA;NA;NA;NA;NA;NA;NA;NA;NA;NA;NA;freshwater;NA;NA;CABI 2025
Alternanthera philoxeroides;Alternanthera philoxeroides;3084923;Plantae;caryophyllales;Amaranthaceae;spermatophyta;NA;NA;NA;NA;NA;NA;NA;NA;NA;NA;NA;NA;freshwater;NA;NA;CABI 2025
Alternanthera sessilis;Alternanthera sessilis;3084939;Plantae;caryophyllales;Amaranthaceae;spermatophyta;NA;NA;NA;NA;NA;NA;NA;NA;NA;NA;NA;NA;freshwater;NA;NA;CABI 2025
Amatitlania nigrofasciata;Amatitlania nigrofasciata;2370027;Metazoa;perciformes;Cichlidae;chordata;osteichthyes;NA;NA;NA;NA;NA;NA;NA;NA;NA;NA;NA;freshwater;NA;NA;CABI 2025
Ambloplites rupestris;Ambloplites rupestris;2394514;Metazoa;perciformes;Centrarchidae;chordata;osteichthyes;NA;NA;NA;NA;NA;NA;NA;NA;NA;NA;NA;freshwater;NA;NA;CABI 2025
Ambrosia artemisiifolia;Ambrosia artemisiifolia;8002952;Plantae;asterales;Asteraceae;spermatophyta;NA;NA;NA;NA;NA;NA;NA;NA;NA;NA;NA;NA;freshwater;NA;NA;CABI 2025
Ambrosia trifida;Ambrosia trifida;3110588;Plantae;asterales;Asteraceae;spermatophyta;NA;NA;NA;NA;NA;NA;NA;NA;NA;NA;NA;NA;freshwater;NA;NA;CABI 2025
Ambystoma tigrinum;Ambystoma tigrinum;2431993;Metazoa;caudata;Ambystomatidae;chordata;amphibia;NA;NA;NA;NA;NA;NA;NA;NA;NA;NA;NA;freshwater;NA;NA;CABI 2025
Ameiurus melas;Ameiurus melas;2340977;Metazoa;siluriformes;Ictaluridae;chordata;osteichthyes;NA;NA;NA;NA;NA;NA;NA;NA;NA;NA;NA;freshwater;NA;NA;CABI 2025
Ameiurus natalis;Ameiurus natalis;2340969;Metazoa;siluriformes;Ictaluridae;chordata;osteichthyes;NA;NA;NA;NA;NA;NA;NA;NA;NA;NA;NA;freshwater;NA;NA;CABI 2025
Ameiurus nebulosus;Ameiurus nebulosus;2340989;Metazoa;siluriformes;Ictaluridae;chordata;osteichthyes;NA;NA;NA;NA;NA;NA;NA;NA;NA;NA;NA;freshwater;NA;NA;CABI 2025
Andropogon glomeratus;Andropogon glomeratus;2706097;Plantae;poales;Poaceae;spermatophyta;monocotyledonae;NA;NA;NA;NA;NA;NA;NA;NA;NA;NA;NA;freshwater;NA;NA;CABI 2025
Annona glabra;Annona glabra;5407100;Plantae;magnoliales;Annonaceae;spermatophyta;NA;NA;NA;NA;NA;NA;NA;NA;NA;NA;NA;NA;freshwater;NA;NA;CABI 2025
Anopheles quadrimaculatus;Anopheles quadrimaculatus;1650395;Metazoa;diptera;Culicidae;arthropoda;insecta;NA;NA;NA;NA;NA;NA;NA;NA;NA;NA;NA;freshwater;NA;NA;CABI 2025
Anser indicus;Anser indicus;2498035;Metazoa;anseriformes;Anatidae;chordata;aves;NA;NA;NA;NA;NA;NA;NA;NA;NA;NA;NA;freshwater;NA;NA;CABI 2025
Aphanomyces astaci;Aphanomyces astaci;3202936;Chromista;saprolegniales;Leptolegniaceae;oomycota;oomycetes;NA;NA;NA;NA;NA;NA;NA;NA;NA;NA;NA;freshwater;NA;NA;CABI 2025
Arundo donax;Arundo donax;2703041;Plantae;poales;Poaceae;spermatophyta;monocotyledonae;NA;NA;NA;NA;NA;NA;NA;NA;NA;NA;NA;freshwater;NA;NA;CABI 2025
Leuciscus aspius;Aspius aspius;5851603;Metazoa;cypriniformes;Cyprinidae;chordata;osteichthyes;NA;NA;NA;NA;NA;NA;NA;NA;NA;NA;NA;freshwater;NA;NA;CABI 2025
Astatoreochromis alluaudi;Astatoreochromis alluaudi;2373819;Metazoa;perciformes;Cichlidae;chordata;osteichthyes;NA;NA;NA;NA;NA;NA;NA;NA;NA;NA;NA;freshwater;NA;NA;CABI 2025
Astronotus ocellatus;Astronotus ocellatus;2370243;Metazoa;perciformes;Cichlidae;chordata;osteichthyes;NA;NA;NA;NA;NA;NA;NA;NA;NA;NA;NA;freshwater;NA;NA;CABI 2025
Azolla pinnata;Azolla pinnata;2650106;Plantae;NA;Salviniaceae;pteridophyta;filicopsida;NA;NA;NA;NA;NA;NA;NA;NA;NA;NA;NA;freshwater;NA;NA;CABI 2025
Bacopa monnieri;Bacopa monnieri;3171169;Plantae;lamiales;Scrophulariaceae;spermatophyta;NA;NA;NA;NA;NA;NA;NA;NA;NA;NA;NA;NA;freshwater;NA;NA;CABI 2025
Batrachochytrium dendrobatidis;Batrachochytrium dendrobatidis;2627503;Fungi;rhizophydiales;NA;chytridiomycota;chytridiomycetes;NA;NA;NA;NA;NA;NA;NA;NA;NA;NA;NA;freshwater;NA;NA;CABI 2025
Batrachochytrium salamandrivorans;Batrachochytrium salamandrivorans;7670473;Fungi;rhizophydiales;NA;chytridiomycota;chytridiomycetes;NA;NA;NA;NA;NA;NA;NA;NA;NA;NA;NA;freshwater;NA;NA;CABI 2025
Belonesox belizanus;Belonesox belizanus;2350149;Metazoa;cyprinodontiformes;Poeciliidae;chordata;osteichthyes;NA;NA;NA;NA;NA;NA;NA;NA;NA;NA;NA;freshwater;NA;NA;CABI 2025
Boa imperator;Boa imperator;2464915;Metazoa;serpentes;Boidae;chordata;reptilia;NA;NA;NA;NA;NA;NA;NA;NA;NA;NA;NA;freshwater;NA;NA;CABI 2025
Brachypodium sylvaticum;Brachypodium sylvaticum;5290146;Plantae;poales;Poaceae;spermatophyta;monocotyledonae;NA;NA;NA;NA;NA;NA;NA;NA;NA;NA;NA;freshwater;NA;NA;CABI 2025
Branta canadensis;Branta canadensis;5232437;Metazoa;anseriformes;Anatidae;chordata;aves;NA;NA;NA;NA;NA;NA;NA;NA;NA;NA;NA;freshwater;NA;NA;CABI 2025
Branta hutchinsii;Branta hutchinsii;5232452;Metazoa;anseriformes;Anatidae;chordata;aves;NA;NA;NA;NA;NA;NA;NA;NA;NA;NA;NA;freshwater;NA;NA;CABI 2025
Bubalus bubalis;Bubalus bubalis;7422937;Metazoa;artiodactyla;Bovidae;chordata;mammalia;NA;NA;NA;NA;NA;NA;NA;NA;NA;NA;NA;freshwater;NA;NA;CABI 2025
Bythotrephes longimanus;Bythotrephes longimanus;2234644;Metazoa;cladocera;Cercopagididae;arthropoda;branchiopoda;NA;NA;NA;NA;NA;NA;NA;NA;NA;NA;NA;freshwater;NA;NA;CABI 2025
Cabomba caroliniana;Cabomba caroliniana;2882443;Plantae;nymphaeales;Cabombaceae;spermatophyta;NA;NA;NA;NA;NA;NA;NA;NA;NA;NA;NA;NA;freshwater;NA;NA;CABI 2025
Callinectes sapidus;Callinectes sapidus;2225646;Metazoa;decapoda;Portunidae;arthropoda;malacostraca;NA;NA;NA;NA;NA;NA;NA;NA;NA;NA;NA;freshwater;NA;NA;CABI 2025
Carassius auratus;Carassius auratus;4286942;Metazoa;cypriniformes;Cyprinidae;chordata;osteichthyes;NA;NA;NA;NA;NA;NA;NA;NA;NA;NA;NA;freshwater;NA;NA;CABI 2025
Carassius cuvieri;Carassius cuvieri;2366641;Metazoa;cypriniformes;Cyprinidae;chordata;osteichthyes;NA;NA;NA;NA;NA;NA;NA;NA;NA;NA;NA;freshwater;NA;NA;CABI 2025
Carassius gibelio;Carassius gibelio;2366634;Metazoa;cypriniformes;Cyprinidae;chordata;osteichthyes;NA;NA;NA;NA;NA;NA;NA;NA;NA;NA;NA;freshwater;NA;NA;CABI 2025
Carex kobomugi;Carex kobomugi;2727576;Plantae;poales;Cyperaceae;spermatophyta;monocotyledonae;NA;NA;NA;NA;NA;NA;NA;NA;NA;NA;NA;freshwater;NA;NA;CABI 2025
Castor canadensis;Castor canadensis;2439838;Metazoa;rodentia;Castoridae;chordata;mammalia;NA;NA;NA;NA;NA;NA;NA;NA;NA;NA;NA;freshwater;NA;NA;CABI 2025
Ceratophyllum demersum;Ceratophyllum demersum;2882398;Plantae;ceratophyllales;Ceratophyllaceae;spermatophyta;NA;NA;NA;NA;NA;NA;NA;NA;NA;NA;NA;NA;freshwater;NA;NA;CABI 2025
Ceratopteris thalictroides;Ceratopteris thalictroides;2651586;Plantae;NA;Parkeriaceae;pteridophyta;filicopsida;NA;NA;NA;NA;NA;NA;NA;NA;NA;NA;NA;freshwater;NA;NA;CABI 2025
Cercopagis pengoi;Cercopagis pengoi;2234642;Metazoa;cladocera;Cercopagididae;arthropoda;branchiopoda;NA;NA;NA;NA;NA;NA;NA;NA;NA;NA;NA;freshwater;NA;NA;CABI 2025
Channa argus;Channa argus;4284921;Metazoa;perciformes;Channidae;chordata;osteichthyes;NA;NA;NA;NA;NA;NA;NA;NA;NA;NA;NA;freshwater;NA;NA;CABI 2025
Channa marulius;Channa marulius;2391548;Metazoa;perciformes;Channidae;chordata;osteichthyes;NA;NA;NA;NA;NA;NA;NA;NA;NA;NA;NA;freshwater;NA;NA;CABI 2025
Chelicorophium curvispinum;Chelicorophium curvispinum;4314683;Metazoa;amphipoda;Corophiidae;arthropoda;malacostraca;NA;NA;NA;NA;NA;NA;NA;NA;NA;NA;NA;freshwater;NA;NA;CABI 2025
Cherax destructor;Cherax destructor;4417558;Metazoa;decapoda;Parastacidae;arthropoda;malacostraca;NA;NA;NA;NA;NA;NA;NA;NA;NA;NA;NA;freshwater;NA;NA;CABI 2025
Cherax quadricarinatus;Cherax quadricarinatus;4648609;Metazoa;decapoda;Parastacidae;arthropoda;malacostraca;NA;NA;NA;NA;NA;NA;NA;NA;NA;NA;NA;freshwater;NA;NA;CABI 2025
Chrysemys picta;Chrysemys picta;2443133;Metazoa;testudines;Emydidae;chordata;reptilia;NA;NA;NA;NA;NA;NA;NA;NA;NA;NA;NA;freshwater;NA;NA;CABI 2025
Cichla ocellaris;Cichla ocellaris;5208153;Metazoa;perciformes;Cichlidae;chordata;osteichthyes;NA;NA;NA;NA;NA;NA;NA;NA;NA;NA;NA;freshwater;NA;NA;CABI 2025
Mayaheros urophthalmus;Cichlasoma urophthalmum;9539561;Metazoa;perciformes;Cichlidae;chordata;osteichthyes;NA;NA;NA;NA;NA;NA;NA;NA;NA;NA;NA;freshwater;NA;NA;CABI 2025
Clarias batrachus;Clarias batrachus;5202683;Metazoa;siluriformes;Clariidae;chordata;osteichthyes;NA;NA;NA;NA;NA;NA;NA;NA;NA;NA;NA;freshwater;NA;NA;CABI 2025
Clupeonella cultriventris;Clupeonella cultriventris;5214533;Metazoa;clupeiformes;Clupeidae;chordata;osteichthyes;NA;NA;NA;NA;NA;NA;NA;NA;NA;NA;NA;freshwater;NA;NA;CABI 2025
Coix lacryma-jobi;Coix lacryma-jobi;2706301;Plantae;poales;Poaceae;spermatophyta;monocotyledonae;NA;NA;NA;NA;NA;NA;NA;NA;NA;NA;NA;freshwater;NA;NA;CABI 2025
Corbicula fluminalis;Corbicula fluminalis;5189032;Metazoa;NA;Corbiculidae;mollusca;bivalvia;NA;NA;NA;NA;NA;NA;NA;NA;NA;NA;NA;freshwater;NA;NA;CABI 2025
Corbicula fluminea;Corbicula fluminea;8190231;Metazoa;NA;Corbiculidae;mollusca;bivalvia;NA;NA;NA;NA;NA;NA;NA;NA;NA;NA;NA;freshwater;NA;NA;CABI 2025
Coregonus albula;Coregonus albula;2351027;Metazoa;salmoniformes;Salmonidae;chordata;osteichthyes;NA;NA;NA;NA;NA;NA;NA;NA;NA;NA;NA;freshwater;NA;NA;CABI 2025
Cornus sericea;Cornus sericea;3082244;Plantae;cornales;Cornaceae;spermatophyta;NA;NA;NA;NA;NA;NA;NA;NA;NA;NA;NA;NA;freshwater;NA;NA;CABI 2025
Crassostrea virginica;Crassostrea virginica;2286079;Metazoa;NA;Ostreidae;mollusca;bivalvia;NA;NA;NA;NA;NA;NA;NA;NA;NA;NA;NA;freshwater;NA;NA;CABI 2025
Crassula helmsii;Crassula helmsii;5362054;Plantae;saxifragales;Crassulaceae;spermatophyta;NA;NA;NA;NA;NA;NA;NA;NA;NA;NA;NA;NA;freshwater;NA;NA;CABI 2025
Cryptostegia madagascariensis;Cryptostegia madagascariensis;8230770;Plantae;gentianales;Asclepiadaceae;spermatophyta;NA;NA;NA;NA;NA;NA;NA;NA;NA;NA;NA;NA;freshwater;NA;NA;CABI 2025
Ctenopharyngodon idella;Ctenopharyngodon idella;2362030;Metazoa;cypriniformes;Cyprinidae;chordata;osteichthyes;NA;NA;NA;NA;NA;NA;NA;NA;NA;NA;NA;freshwater;NA;NA;CABI 2025
Cucumber green mottle mosaic virus;Cucumber green;10058520;NA;NA;Virgaviridae;NA;NA;NA;NA;NA;NA;NA;NA;NA;NA;NA;NA;NA;freshwater;NA;NA;CABI 2025
NA;Cucurbit chlorotic;NA;NA;NA;Closteroviridae;NA;NA;NA;NA;NA;NA;NA;NA;NA;NA;NA;NA;NA;freshwater;NA;NA;CABI 2025
Culex quinquefasciatus;Culex quinquefasciatus;1652950;Metazoa;diptera;Culicidae;arthropoda;insecta;NA;NA;NA;NA;NA;NA;NA;NA;NA;NA;NA;freshwater;NA;NA;CABI 2025
Cygnus olor;Cygnus olor;2498343;Metazoa;anseriformes;Anatidae;chordata;aves;NA;NA;NA;NA;NA;NA;NA;NA;NA;NA;NA;freshwater;NA;NA;CABI 2025
Cyperus difformis;Cyperus difformis;2714796;Plantae;poales;Cyperaceae;spermatophyta;monocotyledonae;NA;NA;NA;NA;NA;NA;NA;NA;NA;NA;NA;freshwater;NA;NA;CABI 2025
Cyperus imbricatus;Cyperus imbricatus;2714233;Plantae;poales;Cyperaceae;spermatophyta;monocotyledonae;NA;NA;NA;NA;NA;NA;NA;NA;NA;NA;NA;freshwater;NA;NA;CABI 2025
Cyperus papyrus;Cyperus papyrus;2716311;Plantae;poales;Cyperaceae;spermatophyta;monocotyledonae;NA;NA;NA;NA;NA;NA;NA;NA;NA;NA;NA;freshwater;NA;NA;CABI 2025
Cyperus rotundus;Cyperus rotundus;2714818;Plantae;poales;Cyperaceae;spermatophyta;monocotyledonae;NA;NA;NA;NA;NA;NA;NA;NA;NA;NA;NA;freshwater;NA;NA;CABI 2025
Cyprinella lutrensis;Cyprinella lutrensis;5207666;Metazoa;cypriniformes;Cyprinidae;chordata;osteichthyes;NA;NA;NA;NA;NA;NA;NA;NA;NA;NA;NA;freshwater;NA;NA;CABI 2025
Cyprinus carpio;Cyprinus carpio;4286975;Metazoa;cypriniformes;Cyprinidae;chordata;osteichthyes;NA;NA;NA;NA;NA;NA;NA;NA;NA;NA;NA;freshwater;NA;NA;CABI 2025
Daphnia lumholtzi;Daphnia lumholtzi;2234817;Metazoa;cladocera;Daphniidae;arthropoda;branchiopoda;NA;NA;NA;NA;NA;NA;NA;NA;NA;NA;NA;freshwater;NA;NA;CABI 2025
Dickeya solani;Dickeya solani;7564445;NA;enterobacteriales;Enterobacteriaceae;proteobacteria;gammaproteobacteria;NA;NA;NA;NA;NA;NA;NA;NA;NA;NA;NA;freshwater;NA;NA;CABI 2025
Didymosphenia geminatum;Didymosphenia geminata;8030069;Chromista;cymbellales;Gomphonemataceae;ochrophyta;bacillariophyceae;NA;NA;NA;NA;NA;NA;NA;NA;NA;NA;NA;freshwater;NA;NA;CABI 2025
Dikerogammarus villosus;Dikerogammarus villosus;4315705;Metazoa;amphipoda;Gammaridae;arthropoda;malacostraca;NA;NA;NA;NA;NA;NA;NA;NA;NA;NA;NA;freshwater;NA;NA;CABI 2025
Discoglossus pictus;Discoglossus pictus;2426617;Metazoa;anura;Alytidae;chordata;amphibia;NA;NA;NA;NA;NA;NA;NA;NA;NA;NA;NA;freshwater;NA;NA;CABI 2025
Dreissena polymorpha;Dreissena polymorpha;2287072;Metazoa;veneroida;Dreissenidae;mollusca;bivalvia;NA;NA;NA;NA;NA;NA;NA;NA;NA;NA;NA;freshwater;NA;NA;CABI 2025
Dreissena bugensis;Dreissena rostriformis;2287073;Metazoa;veneroida;Dreissenidae;mollusca;bivalvia;NA;NA;NA;NA;NA;NA;NA;NA;NA;NA;NA;freshwater;NA;NA;CABI 2025
Echinochloa colonum;Echinochloa colona;6431411;Plantae;poales;Poaceae;spermatophyta;monocotyledonae;NA;NA;NA;NA;NA;NA;NA;NA;NA;NA;NA;freshwater;NA;NA;CABI 2025
Echinochloa crus-galli;Echinochloa crus-galli;2702808;Plantae;poales;Poaceae;spermatophyta;monocotyledonae;NA;NA;NA;NA;NA;NA;NA;NA;NA;NA;NA;freshwater;NA;NA;CABI 2025
Echinochloa pyramidalis;Echinochloa pyramidalis;2702805;Plantae;poales;Poaceae;spermatophyta;monocotyledonae;NA;NA;NA;NA;NA;NA;NA;NA;NA;NA;NA;freshwater;NA;NA;CABI 2025
Pontederia azurea;Eichhornia azurea;7494501;Plantae;commelinales;Pontederiaceae;spermatophyta;monocotyledonae;NA;NA;NA;NA;NA;NA;NA;NA;NA;NA;NA;freshwater;NA;NA;CABI 2025
NA;Elodea canadensis;NA;Plantae;alismatales;Hydrocharitaceae;spermatophyta;monocotyledonae;NA;NA;NA;NA;NA;NA;NA;NA;NA;NA;NA;freshwater;NA;NA;CABI 2025
Elodea nuttallii;Elodea nuttallii;5329212;Plantae;alismatales;Hydrocharitaceae;spermatophyta;monocotyledonae;NA;NA;NA;NA;NA;NA;NA;NA;NA;NA;NA;freshwater;NA;NA;CABI 2025
Eragrostis ciliaris;Eragrostis ciliaris;2705373;Plantae;poales;Poaceae;spermatophyta;monocotyledonae;NA;NA;NA;NA;NA;NA;NA;NA;NA;NA;NA;freshwater;NA;NA;CABI 2025
Eriocheir hepuensis;Eriocheir hepuensis;5863366;Metazoa;decapoda;Varunidae;arthropoda;malacostraca;NA;NA;NA;NA;NA;NA;NA;NA;NA;NA;NA;freshwater;NA;NA;CABI 2025
Eriocheir sinensis;Eriocheir sinensis;2225776;Metazoa;decapoda;Varunidae;arthropoda;malacostraca;NA;NA;NA;NA;NA;NA;NA;NA;NA;NA;NA;freshwater;NA;NA;CABI 2025
Erythrocebus patas;Erythrocebus patas;2436548;Metazoa;primates;Cercopithecidae;chordata;mammalia;NA;NA;NA;NA;NA;NA;NA;NA;NA;NA;NA;freshwater;NA;NA;CABI 2025
Esox lucius;Esox lucius;2346633;Metazoa;salmoniformes;Esocidae;chordata;osteichthyes;NA;NA;NA;NA;NA;NA;NA;NA;NA;NA;NA;freshwater;NA;NA;CABI 2025
Reynoutria bohemica;Fallopia x;4038485;Plantae;caryophyllales;Polygonaceae;spermatophyta;NA;NA;NA;NA;NA;NA;NA;NA;NA;NA;NA;NA;freshwater;NA;NA;CABI 2025
Faxonius limosus;Faxonius limosus;8909595;Metazoa;decapoda;Cambaridae;arthropoda;malacostraca;NA;NA;NA;NA;NA;NA;NA;NA;NA;NA;NA;freshwater;NA;NA;CABI 2025
Faxonius rusticus;Faxonius rusticus;8979506;Metazoa;decapoda;Cambaridae;arthropoda;malacostraca;NA;NA;NA;NA;NA;NA;NA;NA;NA;NA;NA;freshwater;NA;NA;CABI 2025
Faxonius virilis;Faxonius virilis;8971201;Metazoa;decapoda;Cambaridae;arthropoda;malacostraca;NA;NA;NA;NA;NA;NA;NA;NA;NA;NA;NA;freshwater;NA;NA;CABI 2025
Fimbristylis cymosa;Fimbristylis cymosa;2709108;Plantae;poales;Cyperaceae;spermatophyta;monocotyledonae;NA;NA;NA;NA;NA;NA;NA;NA;NA;NA;NA;freshwater;NA;NA;CABI 2025
Fimbristylis littoralis;Fimbristylis littoralis;2709087;Plantae;poales;Cyperaceae;spermatophyta;monocotyledonae;NA;NA;NA;NA;NA;NA;NA;NA;NA;NA;NA;freshwater;NA;NA;CABI 2025
Gambusia affinis;Gambusia affinis;2350580;Metazoa;cyprinodontiformes;Poeciliidae;chordata;osteichthyes;NA;NA;NA;NA;NA;NA;NA;NA;NA;NA;NA;freshwater;NA;NA;CABI 2025
Gambusia holbrooki;Gambusia holbrooki;2350570;Metazoa;cyprinodontiformes;Poeciliidae;chordata;osteichthyes;NA;NA;NA;NA;NA;NA;NA;NA;NA;NA;NA;freshwater;NA;NA;CABI 2025
Glyceria declinata;Glyceria declinata;2705488;Plantae;poales;Poaceae;spermatophyta;monocotyledonae;NA;NA;NA;NA;NA;NA;NA;NA;NA;NA;NA;freshwater;NA;NA;CABI 2025
Glyceria maxima;Glyceria maxima;2705484;Plantae;poales;Poaceae;spermatophyta;monocotyledonae;NA;NA;NA;NA;NA;NA;NA;NA;NA;NA;NA;freshwater;NA;NA;CABI 2025
Gymnocephalus cernua;Gymnocephalus cernuus;5209574;Metazoa;perciformes;Percidae;chordata;osteichthyes;NA;NA;NA;NA;NA;NA;NA;NA;NA;NA;NA;freshwater;NA;NA;CABI 2025
Gymnocoronis spilanthoides;Gymnocoronis spilanthoides;6063677;Plantae;asterales;Asteraceae;spermatophyta;NA;NA;NA;NA;NA;NA;NA;NA;NA;NA;NA;NA;freshwater;NA;NA;CABI 2025
Haplorchis pumilio;Haplorchis pumilio;4414202;Metazoa;NA;Heterophyidae;platyhelminthes;trematoda;NA;NA;NA;NA;NA;NA;NA;NA;NA;NA;NA;freshwater;NA;NA;CABI 2025
Hedychium coccineum;Hedychium coccineum;2758716;Plantae;zingiberales;Zingiberaceae;spermatophyta;monocotyledonae;NA;NA;NA;NA;NA;NA;NA;NA;NA;NA;NA;freshwater;NA;NA;CABI 2025
Hedychium coronarium;Hedychium coronarium;7883492;Plantae;zingiberales;Zingiberaceae;spermatophyta;monocotyledonae;NA;NA;NA;NA;NA;NA;NA;NA;NA;NA;NA;freshwater;NA;NA;CABI 2025
Hedychium gardnerianum;Hedychium gardnerianum;2758700;Plantae;zingiberales;Zingiberaceae;spermatophyta;monocotyledonae;NA;NA;NA;NA;NA;NA;NA;NA;NA;NA;NA;freshwater;NA;NA;CABI 2025
Heliotropium curassavicum;Heliotropium curassavicum;2925786;Plantae;boraginales;Boraginaceae;spermatophyta;NA;NA;NA;NA;NA;NA;NA;NA;NA;NA;NA;NA;freshwater;NA;NA;CABI 2025
Hemibarbus maculatus;Hemibarbus maculatus;2365995;Metazoa;cypriniformes;Cyprinidae;chordata;osteichthyes;NA;NA;NA;NA;NA;NA;NA;NA;NA;NA;NA;freshwater;NA;NA;CABI 2025
Hemichromis letourneuxi;Hemichromis letourneuxi;2371363;Metazoa;perciformes;Cichlidae;chordata;osteichthyes;NA;NA;NA;NA;NA;NA;NA;NA;NA;NA;NA;freshwater;NA;NA;CABI 2025
Hemiculter leucisculus;Hemiculter leucisculus;2367280;Metazoa;cypriniformes;Cyprinidae;chordata;osteichthyes;NA;NA;NA;NA;NA;NA;NA;NA;NA;NA;NA;freshwater;NA;NA;CABI 2025
Hemimysis anomala;Hemimysis anomala;2220312;Metazoa;mysidacea;Mysidae;arthropoda;malacostraca;NA;NA;NA;NA;NA;NA;NA;NA;NA;NA;NA;freshwater;NA;NA;CABI 2025
Herichthys cyanoguttatus;Herichthys cyanoguttatus;2373136;Metazoa;perciformes;Cichlidae;chordata;osteichthyes;NA;NA;NA;NA;NA;NA;NA;NA;NA;NA;NA;freshwater;NA;NA;CABI 2025
Heterotis niloticus;Heterotis niloticus;5212880;Metazoa;osteoglossiformes;Arapaimidae;chordata;osteichthyes;NA;NA;NA;NA;NA;NA;NA;NA;NA;NA;NA;freshwater;NA;NA;CABI 2025
Hydrilla verticillata;Hydrilla verticillata;5329570;Plantae;alismatales;Hydrocharitaceae;spermatophyta;monocotyledonae;NA;NA;NA;NA;NA;NA;NA;NA;NA;NA;NA;freshwater;NA;NA;CABI 2025
Hydrocharis morsus-ranae;Hydrocharis morsus-ranae;5329266;Plantae;alismatales;Hydrocharitaceae;spermatophyta;monocotyledonae;NA;NA;NA;NA;NA;NA;NA;NA;NA;NA;NA;freshwater;NA;NA;CABI 2025
Hygrophila polysperma;Hygrophila polysperma;5415355;Plantae;lamiales;Acanthaceae;spermatophyta;NA;NA;NA;NA;NA;NA;NA;NA;NA;NA;NA;NA;freshwater;NA;NA;CABI 2025
Hymenachne amplexicaulis;Hymenachne amplexicaulis;2705781;Plantae;poales;Poaceae;spermatophyta;monocotyledonae;NA;NA;NA;NA;NA;NA;NA;NA;NA;NA;NA;freshwater;NA;NA;CABI 2025
Hypostomus plecostomus;Hypostomus plecostomus;5202178;Metazoa;siluriformes;Loricariidae;chordata;osteichthyes;NA;NA;NA;NA;NA;NA;NA;NA;NA;NA;NA;freshwater;NA;NA;CABI 2025
Ictalurus furcatus;Ictalurus furcatus;5202525;Metazoa;siluriformes;Ictaluridae;chordata;osteichthyes;NA;NA;NA;NA;NA;NA;NA;NA;NA;NA;NA;freshwater;NA;NA;CABI 2025
Ictalurus punctatus;Ictalurus punctatus;5202520;Metazoa;siluriformes;Ictaluridae;chordata;osteichthyes;NA;NA;NA;NA;NA;NA;NA;NA;NA;NA;NA;freshwater;NA;NA;CABI 2025
Iguana iguana;Iguana iguana;2459658;Metazoa;sauria;Iguanidae;chordata;reptilia;NA;NA;NA;NA;NA;NA;NA;NA;NA;NA;NA;freshwater;NA;NA;CABI 2025
Ipomoea aquatica;Ipomoea aquatica;2928525;Plantae;solanales;Convolvulaceae;spermatophyta;NA;NA;NA;NA;NA;NA;NA;NA;NA;NA;NA;NA;freshwater;NA;NA;CABI 2025
Jatropha gossypiifolia;Jatropha gossypiifolia;3072900;Plantae;malpighiales;Euphorbiaceae;spermatophyta;NA;NA;NA;NA;NA;NA;NA;NA;NA;NA;NA;NA;freshwater;NA;NA;CABI 2025
Juncus effusus;Juncus effusus;2701311;Plantae;poales;Juncaceae;spermatophyta;monocotyledonae;NA;NA;NA;NA;NA;NA;NA;NA;NA;NA;NA;freshwater;NA;NA;CABI 2025
Juncus ensifolius;Juncus ensifolius;2701612;Plantae;poales;Juncaceae;spermatophyta;monocotyledonae;NA;NA;NA;NA;NA;NA;NA;NA;NA;NA;NA;freshwater;NA;NA;CABI 2025
Lagarosiphon major;Lagarosiphon major;2865565;Plantae;alismatales;Hydrocharitaceae;spermatophyta;monocotyledonae;NA;NA;NA;NA;NA;NA;NA;NA;NA;NA;NA;freshwater;NA;NA;CABI 2025
Lates niloticus;Lates niloticus;2393184;Metazoa;perciformes;Centropomidae;chordata;osteichthyes;NA;NA;NA;NA;NA;NA;NA;NA;NA;NA;NA;freshwater;NA;NA;CABI 2025
Lemna aequinoctialis;Lemna aequinoctialis;2867616;Plantae;alismatales;Araceae;spermatophyta;monocotyledonae;NA;NA;NA;NA;NA;NA;NA;NA;NA;NA;NA;freshwater;NA;NA;CABI 2025
Lemna minuta;Lemna minuta;2867614;Plantae;alismatales;Araceae;spermatophyta;monocotyledonae;NA;NA;NA;NA;NA;NA;NA;NA;NA;NA;NA;freshwater;NA;NA;CABI 2025
Lemna perpusilla;Lemna perpusilla;2867627;Plantae;alismatales;Araceae;spermatophyta;monocotyledonae;NA;NA;NA;NA;NA;NA;NA;NA;NA;NA;NA;freshwater;NA;NA;CABI 2025
Lepomis cyanellus;Lepomis cyanellus;2394494;Metazoa;perciformes;Centrarchidae;chordata;osteichthyes;NA;NA;NA;NA;NA;NA;NA;NA;NA;NA;NA;freshwater;NA;NA;CABI 2025
Lepomis gibbosus;Lepomis gibbosus;2394486;Metazoa;perciformes;Centrarchidae;chordata;osteichthyes;NA;NA;NA;NA;NA;NA;NA;NA;NA;NA;NA;freshwater;NA;NA;CABI 2025
Lepomis gulosus;Lepomis gulosus;2394507;Metazoa;perciformes;Centrarchidae;chordata;osteichthyes;NA;NA;NA;NA;NA;NA;NA;NA;NA;NA;NA;freshwater;NA;NA;CABI 2025
Lepomis macrochirus;Lepomis macrochirus;2394503;Metazoa;perciformes;Centrarchidae;chordata;osteichthyes;NA;NA;NA;NA;NA;NA;NA;NA;NA;NA;NA;freshwater;NA;NA;CABI 2025
Lepomis microlophus;Lepomis microlophus;2394501;Metazoa;perciformes;Centrarchidae;chordata;osteichthyes;NA;NA;NA;NA;NA;NA;NA;NA;NA;NA;NA;freshwater;NA;NA;CABI 2025
Leptochloa nealleyi;Leptochloa nealleyi;2703875;Plantae;poales;Poaceae;spermatophyta;monocotyledonae;NA;NA;NA;NA;NA;NA;NA;NA;NA;NA;NA;freshwater;NA;NA;CABI 2025
Leucaspius delineatus;Leucaspius delineatus;2362881;Metazoa;cypriniformes;Cyprinidae;chordata;osteichthyes;NA;NA;NA;NA;NA;NA;NA;NA;NA;NA;NA;freshwater;NA;NA;CABI 2025
Leuciscus leuciscus;Leuciscus leuciscus;4409641;Metazoa;cypriniformes;Cyprinidae;chordata;osteichthyes;NA;NA;NA;NA;NA;NA;NA;NA;NA;NA;NA;freshwater;NA;NA;CABI 2025
Ligustrum sinense;Ligustrum sinense;3172294;Plantae;lamiales;Oleaceae;spermatophyta;NA;NA;NA;NA;NA;NA;NA;NA;NA;NA;NA;NA;freshwater;NA;NA;CABI 2025
Hydrocharis laevigata;Limnobium laevigatum;11055820;Plantae;alismatales;Hydrocharitaceae;spermatophyta;monocotyledonae;NA;NA;NA;NA;NA;NA;NA;NA;NA;NA;NA;freshwater;NA;NA;CABI 2025
Limnocharis flava;Limnocharis flava;5328736;Plantae;alismatales;Alismataceae;spermatophyta;monocotyledonae;NA;NA;NA;NA;NA;NA;NA;NA;NA;NA;NA;freshwater;NA;NA;CABI 2025
Limnomysis benedeni;Limnomysis benedeni;2220347;Metazoa;mysidacea;Mysidae;arthropoda;malacostraca;NA;NA;NA;NA;NA;NA;NA;NA;NA;NA;NA;freshwater;NA;NA;CABI 2025
Limnoperna fortunei;Limnoperna fortunei;5855350;Metazoa;NA;Mytilidae;mollusca;bivalvia;NA;NA;NA;NA;NA;NA;NA;NA;NA;NA;NA;freshwater;NA;NA;CABI 2025
Limnophila sessiliflora;Limnophila sessiliflora;5415001;Plantae;lamiales;Plantaginaceae;spermatophyta;NA;NA;NA;NA;NA;NA;NA;NA;NA;NA;NA;NA;freshwater;NA;NA;CABI 2025
Ludwigia grandiflora;Ludwigia grandiflora;5421039;Plantae;myrtales;Onagraceae;spermatophyta;NA;NA;NA;NA;NA;NA;NA;NA;NA;NA;NA;NA;freshwater;NA;NA;CABI 2025
Ludwigia palustris;Ludwigia palustris;5421025;Plantae;myrtales;Onagraceae;spermatophyta;NA;NA;NA;NA;NA;NA;NA;NA;NA;NA;NA;NA;freshwater;NA;NA;CABI 2025
Ludwigia peploides;Ludwigia peploides;5420991;Plantae;myrtales;Onagraceae;spermatophyta;NA;NA;NA;NA;NA;NA;NA;NA;NA;NA;NA;NA;freshwater;NA;NA;CABI 2025
Lygodium japonicum;Lygodium japonicum;2650436;Plantae;NA;Lygodiaceae;pteridophyta;filicopsida;NA;NA;NA;NA;NA;NA;NA;NA;NA;NA;NA;freshwater;NA;NA;CABI 2025
Lysichiton americanus;Lysichiton americanus;2869311;Plantae;alismatales;Araceae;spermatophyta;monocotyledonae;NA;NA;NA;NA;NA;NA;NA;NA;NA;NA;NA;freshwater;NA;NA;CABI 2025
Lythrum maritimum;Lythrum maritimum;3188746;Plantae;myrtales;Lythraceae;spermatophyta;NA;NA;NA;NA;NA;NA;NA;NA;NA;NA;NA;NA;freshwater;NA;NA;CABI 2025
Lythrum salicaria;Lythrum salicaria;3188736;Plantae;myrtales;Lythraceae;spermatophyta;NA;NA;NA;NA;NA;NA;NA;NA;NA;NA;NA;NA;freshwater;NA;NA;CABI 2025
Macaca mulatta;Macaca mulatta;2436604;Metazoa;primates;Cercopithecidae;chordata;mammalia;NA;NA;NA;NA;NA;NA;NA;NA;NA;NA;NA;freshwater;NA;NA;CABI 2025
Marisa cornuarietis;Marisa cornuarietis;2292586;Metazoa;NA;Ampullariidae;mollusca;gastropoda;NA;NA;NA;NA;NA;NA;NA;NA;NA;NA;NA;freshwater;NA;NA;CABI 2025
Melanoides tuberculata;Melanoides tuberculata;4362965;Metazoa;NA;Thiaridae;mollusca;gastropoda;NA;NA;NA;NA;NA;NA;NA;NA;NA;NA;NA;freshwater;NA;NA;CABI 2025
Micropterus dolomieu;Micropterus dolomieu;5211250;Metazoa;perciformes;Centrarchidae;chordata;osteichthyes;NA;NA;NA;NA;NA;NA;NA;NA;NA;NA;NA;freshwater;NA;NA;CABI 2025
Micropterus salmoides;Micropterus salmoides;2394563;Metazoa;perciformes;Centrarchidae;chordata;osteichthyes;NA;NA;NA;NA;NA;NA;NA;NA;NA;NA;NA;freshwater;NA;NA;CABI 2025
Mikania scandens;Mikania scandens;5398828;Plantae;asterales;Asteraceae;spermatophyta;NA;NA;NA;NA;NA;NA;NA;NA;NA;NA;NA;NA;freshwater;NA;NA;CABI 2025
Misgurnus anguillicaudatus;Misgurnus anguillicaudatus;2367919;Metazoa;cypriniformes;Cobitidae;chordata;osteichthyes;NA;NA;NA;NA;NA;NA;NA;NA;NA;NA;NA;freshwater;NA;NA;CABI 2025
Pontederia hastata;Monochoria hastata;2765991;Plantae;commelinales;Pontederiaceae;spermatophyta;monocotyledonae;NA;NA;NA;NA;NA;NA;NA;NA;NA;NA;NA;freshwater;NA;NA;CABI 2025
Morone americana;Morone americana;2394604;Metazoa;perciformes;Moronidae;chordata;osteichthyes;NA;NA;NA;NA;NA;NA;NA;NA;NA;NA;NA;freshwater;NA;NA;CABI 2025
Mylopharyngodon piceus;Mylopharyngodon piceus;2362110;Metazoa;cypriniformes;Cyprinidae;chordata;osteichthyes;NA;NA;NA;NA;NA;NA;NA;NA;NA;NA;NA;freshwater;NA;NA;CABI 2025
Myocastor coypus;Myocastor coypus;4264680;Metazoa;rodentia;Myocastoridae;chordata;mammalia;NA;NA;NA;NA;NA;NA;NA;NA;NA;NA;NA;freshwater;NA;NA;CABI 2025
Myriophyllum aquaticum;Myriophyllum aquaticum;5361785;Plantae;saxifragales;Haloragaceae;spermatophyta;NA;NA;NA;NA;NA;NA;NA;NA;NA;NA;NA;NA;freshwater;NA;NA;CABI 2025
Myriophyllum heterophyllum;Myriophyllum heterophyllum;5361762;Plantae;saxifragales;Haloragaceae;spermatophyta;NA;NA;NA;NA;NA;NA;NA;NA;NA;NA;NA;NA;freshwater;NA;NA;CABI 2025
Myriophyllum spicatum;Myriophyllum spicatum;5361760;Plantae;saxifragales;Haloragaceae;spermatophyta;NA;NA;NA;NA;NA;NA;NA;NA;NA;NA;NA;NA;freshwater;NA;NA;CABI 2025
Mytilopsis sallei;Mytilopsis sallei;5189109;Metazoa;veneroida;Dreissenidae;mollusca;bivalvia;NA;NA;NA;NA;NA;NA;NA;NA;NA;NA;NA;freshwater;NA;NA;CABI 2025
Nasturtium microphyllum;Nasturtium microphyllum;9184619;Plantae;brassicales;Brassicaceae;spermatophyta;NA;NA;NA;NA;NA;NA;NA;NA;NA;NA;NA;NA;freshwater;NA;NA;CABI 2025
Neogobius fluviatilis;Neogobius fluviatilis;2379105;Metazoa;perciformes;Gobiidae;chordata;osteichthyes;NA;NA;NA;NA;NA;NA;NA;NA;NA;NA;NA;freshwater;NA;NA;CABI 2025
Neogobius melanostomus;Neogobius melanostomus;2379089;Metazoa;perciformes;Gobiidae;chordata;osteichthyes;NA;NA;NA;NA;NA;NA;NA;NA;NA;NA;NA;freshwater;NA;NA;CABI 2025
Mustela vison;Neovison vison;5218823;Metazoa;carnivora;Mustelidae;chordata;mammalia;NA;NA;NA;NA;NA;NA;NA;NA;NA;NA;NA;freshwater;NA;NA;CABI 2025
Nephrolepis brownii;Nephrolepis brownii;4196780;Plantae;NA;Oleandraceae;pteridophyta;filicopsida;NA;NA;NA;NA;NA;NA;NA;NA;NA;NA;NA;freshwater;NA;NA;CABI 2025
Neyraudia reynaudiana;Neyraudia reynaudiana;2705687;Plantae;poales;Poaceae;spermatophyta;monocotyledonae;NA;NA;NA;NA;NA;NA;NA;NA;NA;NA;NA;freshwater;NA;NA;CABI 2025
Noronhia emarginata;Noronhia emarginata;8227431;Plantae;lamiales;Oleaceae;spermatophyta;NA;NA;NA;NA;NA;NA;NA;NA;NA;NA;NA;NA;freshwater;NA;NA;CABI 2025
Notropis stramineus;Notropis stramineus;2362216;Metazoa;cypriniformes;Cyprinidae;chordata;osteichthyes;NA;NA;NA;NA;NA;NA;NA;NA;NA;NA;NA;freshwater;NA;NA;CABI 2025
Nymphaea lotus;Nymphaea lotus;2882429;Plantae;nymphaeales;Nymphaeaceae;spermatophyta;NA;NA;NA;NA;NA;NA;NA;NA;NA;NA;NA;NA;freshwater;NA;NA;CABI 2025
Nymphoides peltata;Nymphoides peltata;8810827;Plantae;asterales;Menyanthaceae;spermatophyta;NA;NA;NA;NA;NA;NA;NA;NA;NA;NA;NA;NA;freshwater;NA;NA;CABI 2025
Oldenlandia lancifolia;Oldenlandia lancifolia;2916221;Plantae;gentianales;Rubiaceae;spermatophyta;NA;NA;NA;NA;NA;NA;NA;NA;NA;NA;NA;NA;freshwater;NA;NA;CABI 2025
Oncorhynchus mykiss;Oncorhynchus mykiss;5204019;Metazoa;salmoniformes;Salmonidae;chordata;osteichthyes;NA;NA;NA;NA;NA;NA;NA;NA;NA;NA;NA;freshwater;NA;NA;CABI 2025
Oncorhynchus tshawytscha;Oncorhynchus tshawytscha;5204024;Metazoa;salmoniformes;Salmonidae;chordata;osteichthyes;NA;NA;NA;NA;NA;NA;NA;NA;NA;NA;NA;freshwater;NA;NA;CABI 2025
Ondatra zibethicus;Ondatra zibethicus;5219858;Metazoa;rodentia;Muridae;chordata;mammalia;NA;NA;NA;NA;NA;NA;NA;NA;NA;NA;NA;freshwater;NA;NA;CABI 2025
Oreochromis aureus;Oreochromis aureus;2372367;Metazoa;perciformes;Cichlidae;chordata;osteichthyes;NA;NA;NA;NA;NA;NA;NA;NA;NA;NA;NA;freshwater;NA;NA;CABI 2025
Oreochromis niloticus;Oreochromis niloticus;4285694;Metazoa;perciformes;Cichlidae;chordata;osteichthyes;NA;NA;NA;NA;NA;NA;NA;NA;NA;NA;NA;freshwater;NA;NA;CABI 2025
Oryza barthii;Oryza barthii;2703457;Plantae;poales;Poaceae;spermatophyta;monocotyledonae;NA;NA;NA;NA;NA;NA;NA;NA;NA;NA;NA;freshwater;NA;NA;CABI 2025
Oryza longistaminata;Oryza longistaminata;2703462;Plantae;poales;Poaceae;spermatophyta;monocotyledonae;NA;NA;NA;NA;NA;NA;NA;NA;NA;NA;NA;freshwater;NA;NA;CABI 2025
Osmerus eperlanus;Osmerus eperlanus;2410854;Metazoa;osmeriformes;Osmeridae;chordata;osteichthyes;NA;NA;NA;NA;NA;NA;NA;NA;NA;NA;NA;freshwater;NA;NA;CABI 2025
Osteopilus septentrionalis;Osteopilus septentrionalis;2428083;Metazoa;anura;Hylidae;chordata;amphibia;NA;NA;NA;NA;NA;NA;NA;NA;NA;NA;NA;freshwater;NA;NA;CABI 2025
Oxyura jamaicensis;Oxyura jamaicensis;2498305;Metazoa;anseriformes;Anatidae;chordata;aves;NA;NA;NA;NA;NA;NA;NA;NA;NA;NA;NA;freshwater;NA;NA;CABI 2025
Pacifastacus leniusculus;Pacifastacus leniusculus;2226990;Metazoa;decapoda;Astacidae;arthropoda;malacostraca;NA;NA;NA;NA;NA;NA;NA;NA;NA;NA;NA;freshwater;NA;NA;CABI 2025
Setaria geminata;Paspalidium geminatum;4117082;Plantae;poales;Poaceae;spermatophyta;monocotyledonae;NA;NA;NA;NA;NA;NA;NA;NA;NA;NA;NA;freshwater;NA;NA;CABI 2025
Paspalum distichum;Paspalum distichum;2705622;Plantae;poales;Poaceae;spermatophyta;monocotyledonae;NA;NA;NA;NA;NA;NA;NA;NA;NA;NA;NA;freshwater;NA;NA;CABI 2025
Paspalum urvillei;Paspalum urvillei;2705650;Plantae;poales;Poaceae;spermatophyta;monocotyledonae;NA;NA;NA;NA;NA;NA;NA;NA;NA;NA;NA;freshwater;NA;NA;CABI 2025
Paspalum vaginatum;Paspalum vaginatum;8100050;Plantae;poales;Poaceae;spermatophyta;monocotyledonae;NA;NA;NA;NA;NA;NA;NA;NA;NA;NA;NA;freshwater;NA;NA;CABI 2025
Pelophylax bedriagae;Pelophylax cf;2426640;Metazoa;anura;Ranidae;chordata;amphibia;NA;NA;NA;NA;NA;NA;NA;NA;NA;NA;NA;freshwater;NA;NA;CABI 2025
Perca flavescens;Perca flavescens;2382004;Metazoa;perciformes;Percidae;chordata;osteichthyes;NA;NA;NA;NA;NA;NA;NA;NA;NA;NA;NA;freshwater;NA;NA;CABI 2025
Perca fluviatilis;Perca fluviatilis;8140485;Metazoa;perciformes;Percidae;chordata;osteichthyes;NA;NA;NA;NA;NA;NA;NA;NA;NA;NA;NA;freshwater;NA;NA;CABI 2025
Perccottus glenii;Perccottus glenii;2390064;Metazoa;perciformes;Odontobutidae;chordata;osteichthyes;NA;NA;NA;NA;NA;NA;NA;NA;NA;NA;NA;freshwater;NA;NA;CABI 2025
Petromyzon marinus;Petromyzon marinus;8236498;Metazoa;petromyzontiformes;Petromyzontidae;chordata;cephalaspidomorphi;NA;NA;NA;NA;NA;NA;NA;NA;NA;NA;NA;freshwater;NA;NA;CABI 2025
Phalloceros caudimaculatus;Phalloceros caudimaculatus;2350105;Metazoa;cyprinodontiformes;Poeciliidae;chordata;osteichthyes;NA;NA;NA;NA;NA;NA;NA;NA;NA;NA;NA;freshwater;NA;NA;CABI 2025
Phormium tenax;Phormium tenax;2778511;Plantae;asparagales;Xanthorrhoeaceae;spermatophyta;monocotyledonae;NA;NA;NA;NA;NA;NA;NA;NA;NA;NA;NA;freshwater;NA;NA;CABI 2025
Phoxinus phoxinus;Phoxinus phoxinus;4409653;Metazoa;cypriniformes;Cyprinidae;chordata;osteichthyes;NA;NA;NA;NA;NA;NA;NA;NA;NA;NA;NA;freshwater;NA;NA;CABI 2025
Phragmites australis;Phragmites australis;5290149;Plantae;poales;Poaceae;spermatophyta;monocotyledonae;NA;NA;NA;NA;NA;NA;NA;NA;NA;NA;NA;freshwater;NA;NA;CABI 2025
Phytophthora cinnamomi;Phytophthora cinnamomi;3203682;Chromista;peronosporales;Peronosporaceae;oomycota;oomycetes;NA;NA;NA;NA;NA;NA;NA;NA;NA;NA;NA;freshwater;NA;NA;CABI 2025
Phytophthora lateralis;Phytophthora lateralis;3203650;Chromista;peronosporales;Peronosporaceae;oomycota;oomycetes;NA;NA;NA;NA;NA;NA;NA;NA;NA;NA;NA;freshwater;NA;NA;CABI 2025
Pimephales promelas;Pimephales promelas;2367742;Metazoa;cypriniformes;Cyprinidae;chordata;osteichthyes;NA;NA;NA;NA;NA;NA;NA;NA;NA;NA;NA;freshwater;NA;NA;CABI 2025
Pistia stratiotes;Pistia stratiotes;2870583;Plantae;alismatales;Araceae;spermatophyta;monocotyledonae;NA;NA;NA;NA;NA;NA;NA;NA;NA;NA;NA;freshwater;NA;NA;CABI 2025
Poa annua;Poa annua;2704179;Plantae;poales;Poaceae;spermatophyta;monocotyledonae;NA;NA;NA;NA;NA;NA;NA;NA;NA;NA;NA;freshwater;NA;NA;CABI 2025
Poecilia latipinna;Poecilia latipinna;5203752;Metazoa;cyprinodontiformes;Poeciliidae;chordata;osteichthyes;NA;NA;NA;NA;NA;NA;NA;NA;NA;NA;NA;freshwater;NA;NA;CABI 2025
Poecilia reticulata;Poecilia reticulata;2350050;Metazoa;cyprinodontiformes;Poeciliidae;chordata;osteichthyes;NA;NA;NA;NA;NA;NA;NA;NA;NA;NA;NA;freshwater;NA;NA;CABI 2025
Pomacea canaliculata;Pomacea canaliculata;2292582;Metazoa;NA;Ampullariidae;mollusca;gastropoda;NA;NA;NA;NA;NA;NA;NA;NA;NA;NA;NA;freshwater;NA;NA;CABI 2025
Pomacea maculata;Pomacea maculata;7532642;Metazoa;NA;Ampullariidae;mollusca;gastropoda;NA;NA;NA;NA;NA;NA;NA;NA;NA;NA;NA;freshwater;NA;NA;CABI 2025
Pomoxis annularis;Pomoxis annularis;2394534;Metazoa;perciformes;Centrarchidae;chordata;osteichthyes;NA;NA;NA;NA;NA;NA;NA;NA;NA;NA;NA;freshwater;NA;NA;CABI 2025
Pomoxis nigromaculatus;Pomoxis nigromaculatus;2394526;Metazoa;perciformes;Centrarchidae;chordata;osteichthyes;NA;NA;NA;NA;NA;NA;NA;NA;NA;NA;NA;freshwater;NA;NA;CABI 2025
Pontederia vaginalis;Pontederia vaginalis;8238520;Plantae;commelinales;Pontederiaceae;spermatophyta;monocotyledonae;NA;NA;NA;NA;NA;NA;NA;NA;NA;NA;NA;freshwater;NA;NA;CABI 2025
Pontogammarus robustoides;Pontogammarus robustoides;4315140;Metazoa;amphipoda;NA;arthropoda;malacostraca;NA;NA;NA;NA;NA;NA;NA;NA;NA;NA;NA;freshwater;NA;NA;CABI 2025
Potamocorbula amurensis;Potamocorbula amurensis;2288926;Metazoa;NA;Corbulidae;mollusca;bivalvia;NA;NA;NA;NA;NA;NA;NA;NA;NA;NA;NA;freshwater;NA;NA;CABI 2025
Potamogeton crispus;Potamogeton crispus;5301162;Plantae;alismatales;Potamogetonaceae;spermatophyta;monocotyledonae;NA;NA;NA;NA;NA;NA;NA;NA;NA;NA;NA;freshwater;NA;NA;CABI 2025
Potamopyrgus antipodarum;Potamopyrgus antipodarum;5192470;Metazoa;NA;Hydrobiidae;mollusca;gastropoda;NA;NA;NA;NA;NA;NA;NA;NA;NA;NA;NA;freshwater;NA;NA;CABI 2025
Procambarus acutus;Procambarus acutus;2227289;Metazoa;decapoda;Cambaridae;arthropoda;malacostraca;NA;NA;NA;NA;NA;NA;NA;NA;NA;NA;NA;freshwater;NA;NA;CABI 2025
Procambarus clarkii;Procambarus clarkii;2227300;Metazoa;decapoda;Cambaridae;arthropoda;malacostraca;NA;NA;NA;NA;NA;NA;NA;NA;NA;NA;NA;freshwater;NA;NA;CABI 2025
Procambarus virginalis;Procambarus fallax;9442269;Metazoa;decapoda;Cambaridae;arthropoda;malacostraca;NA;NA;NA;NA;NA;NA;NA;NA;NA;NA;NA;freshwater;NA;NA;CABI 2025
Prosopis juliflora;Prosopis juliflora;5358460;Plantae;fabales;Fabaceae;spermatophyta;NA;NA;NA;NA;NA;NA;NA;NA;NA;NA;NA;NA;freshwater;NA;NA;CABI 2025
Protopterus aethiopicus;Protopterus aethiopicus;4287144;Metazoa;lepidosireniformes;Protopteridae;chordata;osteichthyes;NA;NA;NA;NA;NA;NA;NA;NA;NA;NA;NA;freshwater;NA;NA;CABI 2025
Prymnesium parvum;Prymnesium parvum;7513065;Chromista;prymnesiales;Prymnesiaceae;haptophyta;NA;NA;NA;NA;NA;NA;NA;NA;NA;NA;NA;NA;freshwater;NA;NA;CABI 2025
Pseudorasbora parva;Pseudorasbora parva;2362868;Metazoa;cypriniformes;Cyprinidae;chordata;osteichthyes;NA;NA;NA;NA;NA;NA;NA;NA;NA;NA;NA;freshwater;NA;NA;CABI 2025
Pterygoplichthys ambrosettii;Pterygoplichthys ambrosettii;5851833;Metazoa;siluriformes;Loricariidae;chordata;osteichthyes;NA;NA;NA;NA;NA;NA;NA;NA;NA;NA;NA;freshwater;NA;NA;CABI 2025
Pterygoplichthys disjunctivus;Pterygoplichthys disjunctivus;2340003;Metazoa;siluriformes;Loricariidae;chordata;osteichthyes;NA;NA;NA;NA;NA;NA;NA;NA;NA;NA;NA;freshwater;NA;NA;CABI 2025
Pterygoplichthys multiradiatus;Pterygoplichthys multiradiatus;2339962;Metazoa;siluriformes;Loricariidae;chordata;osteichthyes;NA;NA;NA;NA;NA;NA;NA;NA;NA;NA;NA;freshwater;NA;NA;CABI 2025
Pylodictis olivaris;Pylodictis olivaris;2341077;Metazoa;siluriformes;Ictaluridae;chordata;osteichthyes;NA;NA;NA;NA;NA;NA;NA;NA;NA;NA;NA;freshwater;NA;NA;CABI 2025
Python bivittatus;Python bivittatus;4820533;Metazoa;serpentes;Pythonidae;chordata;reptilia;NA;NA;NA;NA;NA;NA;NA;NA;NA;NA;NA;freshwater;NA;NA;CABI 2025
Lithobates catesbeianus;Rana catesbeiana;2427091;Metazoa;anura;Ranidae;chordata;amphibia;NA;NA;NA;NA;NA;NA;NA;NA;NA;NA;NA;freshwater;NA;NA;CABI 2025
Rhamphicarpa fistulosa;Rhamphicarpa fistulosa;3724000;Plantae;lamiales;Orobanchaceae;spermatophyta;NA;NA;NA;NA;NA;NA;NA;NA;NA;NA;NA;NA;freshwater;NA;NA;CABI 2025
Rhinella marina;Rhinella marina;5216933;Metazoa;anura;Bufonidae;chordata;amphibia;NA;NA;NA;NA;NA;NA;NA;NA;NA;NA;NA;freshwater;NA;NA;CABI 2025
Rhithropanopeus harrisii;Rhithropanopeus harrisii;2227663;Metazoa;decapoda;Panopeidae;arthropoda;malacostraca;NA;NA;NA;NA;NA;NA;NA;NA;NA;NA;NA;freshwater;NA;NA;CABI 2025
Rhodeus ocellatus;Rhodeus ocellatus;4286934;Metazoa;cypriniformes;Cyprinidae;chordata;osteichthyes;NA;NA;NA;NA;NA;NA;NA;NA;NA;NA;NA;freshwater;NA;NA;CABI 2025
Rhodomyrtus tomentosa;Rhodomyrtus tomentosa;3179997;Plantae;myrtales;Myrtaceae;spermatophyta;NA;NA;NA;NA;NA;NA;NA;NA;NA;NA;NA;NA;freshwater;NA;NA;CABI 2025
Rubus parviflorus;Rubus parviflorus;7872219;Plantae;rosales;Rosaceae;spermatophyta;NA;NA;NA;NA;NA;NA;NA;NA;NA;NA;NA;NA;freshwater;NA;NA;CABI 2025
Sagittaria latifolia;Sagittaria latifolia;5328909;Plantae;alismatales;Alismataceae;spermatophyta;monocotyledonae;NA;NA;NA;NA;NA;NA;NA;NA;NA;NA;NA;freshwater;NA;NA;CABI 2025
Sagittaria sagittifolia;Sagittaria sagittifolia;5328882;Plantae;alismatales;Alismataceae;spermatophyta;monocotyledonae;NA;NA;NA;NA;NA;NA;NA;NA;NA;NA;NA;freshwater;NA;NA;CABI 2025
Salix humboldtiana;Salix humboldtiana;5372914;Plantae;malpighiales;Salicaceae;spermatophyta;NA;NA;NA;NA;NA;NA;NA;NA;NA;NA;NA;NA;freshwater;NA;NA;CABI 2025
Salmo salar;Salmo salar;7595433;Metazoa;salmoniformes;Salmonidae;chordata;osteichthyes;NA;NA;NA;NA;NA;NA;NA;NA;NA;NA;NA;freshwater;NA;NA;CABI 2025
Salmo trutta;Salmo trutta;8215487;Metazoa;salmoniformes;Salmonidae;chordata;osteichthyes;NA;NA;NA;NA;NA;NA;NA;NA;NA;NA;NA;freshwater;NA;NA;CABI 2025
Salvelinus fontinalis;Salvelinus fontinalis;2351271;Metazoa;salmoniformes;Salmonidae;chordata;osteichthyes;NA;NA;NA;NA;NA;NA;NA;NA;NA;NA;NA;freshwater;NA;NA;CABI 2025
Salvelinus namaycush;Salvelinus namaycush;2351327;Metazoa;salmoniformes;Salmonidae;chordata;osteichthyes;NA;NA;NA;NA;NA;NA;NA;NA;NA;NA;NA;freshwater;NA;NA;CABI 2025
Salvinia auriculata;Salvinia auriculata;5274861;Plantae;NA;Salviniaceae;pteridophyta;filicopsida;NA;NA;NA;NA;NA;NA;NA;NA;NA;NA;NA;freshwater;NA;NA;CABI 2025
Salvinia minima;Salvinia minima;5274860;Plantae;NA;Salviniaceae;pteridophyta;filicopsida;NA;NA;NA;NA;NA;NA;NA;NA;NA;NA;NA;freshwater;NA;NA;CABI 2025
Salvinia molesta;Salvinia molesta;5274863;Plantae;NA;Salviniaceae;pteridophyta;filicopsida;NA;NA;NA;NA;NA;NA;NA;NA;NA;NA;NA;freshwater;NA;NA;CABI 2025
Sandelia capensis;Sandelia capensis;2391600;Metazoa;perciformes;Anabantidae;chordata;osteichthyes;NA;NA;NA;NA;NA;NA;NA;NA;NA;NA;NA;freshwater;NA;NA;CABI 2025
Sander lucioperca;Sander lucioperca;2382155;Metazoa;perciformes;Percidae;chordata;osteichthyes;NA;NA;NA;NA;NA;NA;NA;NA;NA;NA;NA;freshwater;NA;NA;CABI 2025
Sander vitreus;Sander vitreus;2382172;Metazoa;perciformes;Percidae;chordata;osteichthyes;NA;NA;NA;NA;NA;NA;NA;NA;NA;NA;NA;freshwater;NA;NA;CABI 2025
Scardinius erythrophthalmus;Scardinius erythrophthalmus;2362635;Metazoa;cypriniformes;Cyprinidae;chordata;osteichthyes;NA;NA;NA;NA;NA;NA;NA;NA;NA;NA;NA;freshwater;NA;NA;CABI 2025
Schilbe mystus;Schilbe mystus;2341732;Metazoa;siluriformes;Schilbeidae;chordata;osteichthyes;NA;NA;NA;NA;NA;NA;NA;NA;NA;NA;NA;freshwater;NA;NA;CABI 2025
Sepedomerus macropus;Sepedomerus macropus;1443782;Metazoa;diptera;Sciomyzidae;arthropoda;insecta;NA;NA;NA;NA;NA;NA;NA;NA;NA;NA;NA;freshwater;NA;NA;CABI 2025
Sepedon aenescens;Sepedon aenescens;5054931;Metazoa;diptera;Sciomyzidae;arthropoda;insecta;NA;NA;NA;NA;NA;NA;NA;NA;NA;NA;NA;freshwater;NA;NA;CABI 2025
Sesbania bispinosa;Sesbania bispinosa;2970721;Plantae;fabales;Fabaceae;spermatophyta;NA;NA;NA;NA;NA;NA;NA;NA;NA;NA;NA;NA;freshwater;NA;NA;CABI 2025
Silurus asotus;Silurus asotus;2337594;Metazoa;siluriformes;Siluridae;chordata;osteichthyes;NA;NA;NA;NA;NA;NA;NA;NA;NA;NA;NA;freshwater;NA;NA;CABI 2025
Silurus glanis;Silurus glanis;2337607;Metazoa;siluriformes;Siluridae;chordata;osteichthyes;NA;NA;NA;NA;NA;NA;NA;NA;NA;NA;NA;freshwater;NA;NA;CABI 2025
Solanum tampicense;Solanum tampicense;2929938;Plantae;solanales;Solanaceae;spermatophyta;NA;NA;NA;NA;NA;NA;NA;NA;NA;NA;NA;NA;freshwater;NA;NA;CABI 2025
Solenopsis invicta;Solenopsis invicta;5035230;Metazoa;hymenoptera;Formicidae;arthropoda;insecta;NA;NA;NA;NA;NA;NA;NA;NA;NA;NA;NA;freshwater;NA;NA;CABI 2025
Solidago nemoralis;Solidago nemoralis;5389028;Plantae;asterales;Asteraceae;spermatophyta;NA;NA;NA;NA;NA;NA;NA;NA;NA;NA;NA;NA;freshwater;NA;NA;CABI 2025
Solidago sempervirens;Solidago sempervirens;5388927;Plantae;asterales;Asteraceae;spermatophyta;NA;NA;NA;NA;NA;NA;NA;NA;NA;NA;NA;NA;freshwater;NA;NA;CABI 2025
Sparganium erectum;Sparganium erectum;7679536;Plantae;poales;Typhaceae;spermatophyta;monocotyledonae;NA;NA;NA;NA;NA;NA;NA;NA;NA;NA;NA;freshwater;NA;NA;CABI 2025
Sphenoclea zeylanica;Sphenoclea zeylanica;3158672;Plantae;solanales;Sphenocleaceae;spermatophyta;NA;NA;NA;NA;NA;NA;NA;NA;NA;NA;NA;NA;freshwater;NA;NA;CABI 2025
Spirodela polyrhiza;Spirodela polyrhiza;4097481;Plantae;alismatales;Araceae;spermatophyta;monocotyledonae;NA;NA;NA;NA;NA;NA;NA;NA;NA;NA;NA;freshwater;NA;NA;CABI 2025
Squalius cephalus;Squalius cephalus;2365685;Metazoa;cypriniformes;Cyprinidae;chordata;osteichthyes;NA;NA;NA;NA;NA;NA;NA;NA;NA;NA;NA;freshwater;NA;NA;CABI 2025
Sterculia apetala;Sterculia apetala;5406679;Plantae;malvales;Malvaceae;spermatophyta;NA;NA;NA;NA;NA;NA;NA;NA;NA;NA;NA;NA;freshwater;NA;NA;CABI 2025
Talipariti tiliaceum;Talipariti tiliaceum;7115794;Plantae;malvales;Malvaceae;spermatophyta;NA;NA;NA;NA;NA;NA;NA;NA;NA;NA;NA;NA;freshwater;NA;NA;CABI 2025
Tetragonia tetragonioides;Tetragonia tetragonioides;5384307;Plantae;caryophyllales;Aizoaceae;spermatophyta;NA;NA;NA;NA;NA;NA;NA;NA;NA;NA;NA;NA;freshwater;NA;NA;CABI 2025
Threskiornis aethiopicus;Threskiornis aethiopicus;2480764;Metazoa;ciconiiformes;Threskiornithidae;chordata;aves;NA;NA;NA;NA;NA;NA;NA;NA;NA;NA;NA;freshwater;NA;NA;CABI 2025
Pelmatolapia mariae;Tilapia mariae;9552432;Metazoa;perciformes;Cichlidae;chordata;osteichthyes;NA;NA;NA;NA;NA;NA;NA;NA;NA;NA;NA;freshwater;NA;NA;CABI 2025
Coptodon zillii;Tilapia zillii;2370703;Metazoa;perciformes;Cichlidae;chordata;osteichthyes;NA;NA;NA;NA;NA;NA;NA;NA;NA;NA;NA;freshwater;NA;NA;CABI 2025
Trachemys scripta;Trachemys scripta;2443002;Metazoa;testudines;Emydidae;chordata;reptilia;NA;NA;NA;NA;NA;NA;NA;NA;NA;NA;NA;freshwater;NA;NA;CABI 2025
Trapa natans;Trapa natans;3188757;Plantae;myrtales;Lythraceae;spermatophyta;NA;NA;NA;NA;NA;NA;NA;NA;NA;NA;NA;NA;freshwater;NA;NA;CABI 2025
Trichopodus trichopterus;Trichopodus trichopterus;5211169;Metazoa;perciformes;Osphronemidae;chordata;osteichthyes;NA;NA;NA;NA;NA;NA;NA;NA;NA;NA;NA;freshwater;NA;NA;CABI 2025
Typha angustifolia;Typha angustifolia;5289461;Plantae;poales;Typhaceae;spermatophyta;monocotyledonae;NA;NA;NA;NA;NA;NA;NA;NA;NA;NA;NA;freshwater;NA;NA;CABI 2025
Typha domingensis;Typha domingensis;5289534;Plantae;poales;Typhaceae;spermatophyta;monocotyledonae;NA;NA;NA;NA;NA;NA;NA;NA;NA;NA;NA;freshwater;NA;NA;CABI 2025
Typha latifolia;Typha latifolia;5289423;Plantae;poales;Typhaceae;spermatophyta;monocotyledonae;NA;NA;NA;NA;NA;NA;NA;NA;NA;NA;NA;freshwater;NA;NA;CABI 2025
Typha glauca;Typha x;8960288;Plantae;poales;Typhaceae;spermatophyta;monocotyledonae;NA;NA;NA;NA;NA;NA;NA;NA;NA;NA;NA;freshwater;NA;NA;CABI 2025
Umbra pygmaea;Umbra pygmaea;5203111;Metazoa;salmoniformes;Umbridae;chordata;osteichthyes;NA;NA;NA;NA;NA;NA;NA;NA;NA;NA;NA;freshwater;NA;NA;CABI 2025
Urochloa arrecta;Urochloa arrecta;2705837;Plantae;poales;Poaceae;spermatophyta;monocotyledonae;NA;NA;NA;NA;NA;NA;NA;NA;NA;NA;NA;freshwater;NA;NA;CABI 2025
Urochloa distachyos;Urochloa distachya;10902071;Plantae;poales;Poaceae;spermatophyta;monocotyledonae;NA;NA;NA;NA;NA;NA;NA;NA;NA;NA;NA;freshwater;NA;NA;CABI 2025
Urochloa mutica;Urochloa mutica;2705848;Plantae;poales;Poaceae;spermatophyta;monocotyledonae;NA;NA;NA;NA;NA;NA;NA;NA;NA;NA;NA;freshwater;NA;NA;CABI 2025
Utricularia gibba;Utricularia gibba;3172407;Plantae;lamiales;Lentibulariaceae;spermatophyta;NA;NA;NA;NA;NA;NA;NA;NA;NA;NA;NA;NA;freshwater;NA;NA;CABI 2025
Vallisneria spiralis;Vallisneria spiralis;2865526;Plantae;alismatales;Hydrocharitaceae;spermatophyta;monocotyledonae;NA;NA;NA;NA;NA;NA;NA;NA;NA;NA;NA;freshwater;NA;NA;CABI 2025
Varanus niloticus;Varanus niloticus;2470656;Metazoa;sauria;Varanidae;chordata;reptilia;NA;NA;NA;NA;NA;NA;NA;NA;NA;NA;NA;freshwater;NA;NA;CABI 2025
Xanthium strumarium;Xanthium strumarium;3089154;Plantae;asterales;Asteraceae;spermatophyta;NA;NA;NA;NA;NA;NA;NA;NA;NA;NA;NA;NA;freshwater;NA;NA;CABI 2025
Xenopus laevis;Xenopus laevis;5217334;Metazoa;anura;Pipidae;chordata;amphibia;NA;NA;NA;NA;NA;NA;NA;NA;NA;NA;NA;freshwater;NA;NA;CABI 2025
Xiphophorus hellerii;Xiphophorus hellerii;8246728;Metazoa;cyprinodontiformes;Poeciliidae;chordata;osteichthyes;NA;NA;NA;NA;NA;NA;NA;NA;NA;NA;NA;freshwater;NA;NA;CABI 2025
Xiphophorus maculatus;Xiphophorus maculatus;2350164;Metazoa;cyprinodontiformes;Poeciliidae;chordata;osteichthyes;NA;NA;NA;NA;NA;NA;NA;NA;NA;NA;NA;freshwater;NA;NA;CABI 2025
Beak and feather disease virus;beak and;10196361;NA;NA;Circoviridae;NA;NA;NA;NA;NA;NA;NA;NA;NA;NA;NA;NA;NA;freshwater;NA;NA;CABI 2025
